"0","unique(spotify_clean$genre)"
"1"," [1]"
"1"," Anime           "
"1"," Opera           "
"1"," Reggae          "
"1"," Hip-Hop         "
"1"," Electronic      "
"1"," Jazz            "
"1"," Alternative     "
"1","
"
"1"," [8]"
"1"," Movie           "
"1"," Ska             "
"1"," Folk            "
"1"," Reggaeton       "
"1"," Blues           "
"1"," Pop             "
"1"," R&B             "
"1","
"
"1","[15]"
"1"," Dance           "
"1"," Country         "
"1"," Soundtrack      "
"1"," Comedy          "
"1"," Soul            "
"1"," World           "
"1"," Classical       "
"1","
"
"1","[22]"
"1"," Children’s Music"
"1"," Children's Music"
"1"," Rock            "
"1"," Rap             "
"1","
"
"1","25 "
"1",""
"1","Levels: "
"1",""
"1","Alternative Anime Blues Children's Music Children’s Music Classical Comedy Country Dance Electronic Folk ... World"
"1",""
"1","
"
"0","unique(colnames(spotify_clean))"
"1"," [1]"
"1"," ""track_id""        "
"1"," ""track_name""      "
"1"," ""artist_name""     "
"1"," ""genre""           "
"1"," ""danceability""    "
"1"," ""energy""          "
"1","
"
"1"," [7]"
"1"," ""valence""         "
"1"," ""acousticness""    "
"1"," ""instrumentalness"""
"1"," ""liveness""        "
"1"," ""loudness""        "
"1"," ""speechiness""     "
"1","
"
"1","[13]"
"1"," ""tempo""           "
"1"," ""duration_ms""     "
"1"," ""popularity""      "
"1"," ""duration_min""    "
"1","
"
"0","unique(spotify_clean$artist_name)"
"1","  [1]"
"1"," ""Yasuharu Takanashi""              "
"1"," ""Gaetano Donizetti""               "
"1"," ""MAGIC!""                          "
"1","
"
"1","  [4]"
"1"," ""NF""                              "
"1"," ""Apashe""                          "
"1"," ""Isaac Hayes""                     "
"1","
"
"1","  [7]"
"1"," ""Red Hot Chili Peppers""           "
"1"," ""Julie Andrews""                   "
"1"," ""Panteon Rococo""                  "
"1","
"
"1"," [10]"
"1"," ""Patrick Watson""                  "
"1"," ""Becky G""                         "
"1"," ""Chyno Miranda""                   "
"1","
"
"1"," [13]"
"1"," ""Leigh Harline""                   "
"1"," ""Dread Mar I""                     "
"1"," ""Whitesnake""                      "
"1","
"
"1"," [16]"
"1"," ""Alan Menken""                     "
"1"," ""George Ezra""                     "
"1"," ""Francesco Cilea""                 "
"1","
"
"1"," [19]"
"1"," ""Blaque""                          "
"1"," ""Santana""                         "
"1"," ""Mili""                            "
"1","
"
"1"," [22]"
"1"," ""Katy Perry""                      "
"1"," ""Berhana""                         "
"1"," ""Lloyd""                           "
"1","
"
"1"," [25]"
"1"," ""Vico C""                          "
"1"," ""Randy Newman""                    "
"1"," ""Gente De Zona""                   "
"1","
"
"1"," [28]"
"1"," ""George Strait""                   "
"1"," ""Frankie Ballard""                 "
"1"," ""Sinne Eeg""                       "
"1","
"
"1"," [31]"
"1"," ""Ward Thomas""                     "
"1"," ""Jack White""                      "
"1"," ""Tom Odell""                       "
"1","
"
"1"," [34]"
"1"," ""Giacomo Puccini""                 "
"1"," ""Etta James""                      "
"1"," ""Mauricio & PalodeAgua""           "
"1","
"
"1"," [37]"
"1"," ""De La Ghetto""                    "
"1"," ""Le Tigre""                        "
"1"," ""Darius Rucker""                   "
"1","
"
"1"," [40]"
"1"," ""Georges Bizet""                   "
"1"," ""John Lunn""                       "
"1"," ""RKM""                             "
"1","
"
"1"," [43]"
"1"," ""Backstreet Boys""                 "
"1"," ""Penny and Sparrow""               "
"1"," ""Guts""                            "
"1","
"
"1"," [46]"
"1"," ""Brian Regan""                     "
"1"," ""Less Than Jake""                  "
"1"," ""The Meters""                      "
"1","
"
"1"," [49]"
"1"," ""Katie Herzig""                    "
"1"," ""Moneybagg Yo""                    "
"1"," ""Shuggie Otis""                    "
"1","
"
"1"," [52]"
"1"," ""Mrs. GREEN APPLE""                "
"1"," ""Fishbone""                        "
"1"," ""Dennis Miller""                   "
"1","
"
"1"," [55]"
"1"," ""Rx Bandits""                      "
"1"," ""Nils Frahm""                      "
"1"," ""Kenny Chesney""                   "
"1","
"
"1"," [58]"
"1"," ""Robert Schumann""                 "
"1"," ""Los Pericos""                     "
"1"," ""Macy Gray""                       "
"1","
"
"1"," [61]"
"1"," ""Frédéric Chopin""                 "
"1"," ""Philip Glass""                    "
"1"," ""Wolfgang Amadeus Mozart""         "
"1","
"
"1"," [64]"
"1"," ""Daniel Pemberton""                "
"1"," ""Super Cat""                       "
"1"," ""AViVA""                           "
"1","
"
"1"," [67]"
"1"," ""Drake""                           "
"1"," ""Florida Georgia Line""            "
"1"," ""Tomaso Albinoni""                 "
"1","
"
"1"," [70]"
"1"," ""Kristin Chenoweth""               "
"1"," ""Hillsong Worship""                "
"1"," ""Dolly Parton""                    "
"1","
"
"1"," [73]"
"1"," ""Incubus""                         "
"1"," ""The Bellas""                      "
"1"," ""Yoshida Brothers""                "
"1","
"
"1"," [76]"
"1"," ""Mystic Roots Band""               "
"1"," ""Billie Holiday""                  "
"1"," ""Tom's Music Box""                 "
"1","
"
"1"," [79]"
"1"," ""Jesus Culture""                   "
"1"," ""Orchestra Baobab""                "
"1"," ""jesus (wonderful Opportunity!!)"" "
"1","
"
"1"," [82]"
"1"," ""SteveSongs""                      "
"1"," ""BANKS""                           "
"1"," ""Maranatha! Music""                "
"1","
"
"1"," [85]"
"1"," ""Bryant Myers""                    "
"1"," ""Ben Howard""                      "
"1"," ""Big & Rich""                      "
"1","
"
"1"," [88]"
"1"," ""Johann Sebastian Bach""           "
"1"," ""Maribou State""                   "
"1"," ""Project Destati""                 "
"1","
"
"1"," [91]"
"1"," ""Authority Zero""                  "
"1"," ""Christina Aguilera""              "
"1"," ""Matt Kirshen""                    "
"1","
"
"1"," [94]"
"1"," ""Ludacris""                        "
"1"," ""Jóhann Jóhannsson""               "
"1"," ""WagakkiBand""                     "
"1","
"
"1"," [97]"
"1"," ""The Wailers""                     "
"1"," ""Howard Shore""                    "
"1"," ""Taylor Swift""                    "
"1","
"
"1","[100]"
"1"," ""John Mark McMillan""              "
"1"," ""NIYARI計画""                      "
"1"," ""Bleachers""                       "
"1","
"
"1","[103]"
"1"," ""The Beat Bugs""                   "
"1"," ""Steve Aoki""                      "
"1"," ""Thomas Newman""                   "
"1","
"
"1","[106]"
"1"," ""Blood Orange""                    "
"1"," ""Sofa Surfers""                    "
"1"," ""William Fitzsimmons""             "
"1","
"
"1","[109]"
"1"," ""Christina Milian""                "
"1"," ""Asiahn""                          "
"1"," ""Carrie Underwood""                "
"1","
"
"1","[112]"
"1"," ""Ark Patrol""                      "
"1"," ""Beth Orton""                      "
"1"," ""Luther Vandross""                 "
"1","
"
"1","[115]"
"1"," ""Thomas Bergersen""                "
"1"," ""Selena Gomez""                    "
"1"," ""Pitbull""                         "
"1","
"
"1","[118]"
"1"," ""The Vamps""                       "
"1"," ""Phil Harris""                     "
"1"," ""Fabien Nataf""                    "
"1","
"
"1","[121]"
"1"," ""Sublime""                         "
"1"," ""Trampled by Turtles""             "
"1"," ""Gary Allan""                      "
"1","
"
"1","[124]"
"1"," ""George Givot""                    "
"1"," ""Rammstein""                       "
"1"," ""Yashua""                          "
"1","
"
"1","[127]"
"1"," ""G-Eazy""                          "
"1"," ""Benny Goodman""                   "
"1"," ""Chloe x Halle""                   "
"1","
"
"1","[130]"
"1"," ""Ziggy Marley & The Melody Makers"""
"1"," ""MISIA""                           "
"1"," ""Rendezvous At Two""               "
"1","
"
"1","[133]"
"1"," ""DJ Nelson""                       "
"1"," ""Damian Marley""                   "
"1"," ""Jake Owen""                       "
"1","
"
"1","[136]"
"1"," ""Curtis Mayfield""                 "
"1"," ""Logic""                           "
"1"," ""Stick Figure""                    "
"1","
"
"1","[139]"
"1"," ""Andy Rivera""                     "
"1"," ""St Germain""                      "
"1"," ""The Band Of Heathens""            "
"1","
"
"1","[142]"
"1"," ""North Mississippi Allstars""      "
"1"," ""RJD2""                            "
"1"," ""Dierks Bentley""                  "
"1","
"
"1","[145]"
"1"," ""Fantan Mojah""                    "
"1"," ""Me First and the Gimme Gimmes""   "
"1"," ""Slightly Stoopid""                "
"1","
"
"1","[148]"
"1"," ""Riff Raff""                       "
"1"," ""Jenny Lewis""                     "
"1"," ""Tom Papa""                        "
"1","
"
"1","[151]"
"1"," ""Xander el Imaginario""            "
"1"," ""Wisin & Yandel""                  "
"1"," ""Alison Wonderland""               "
"1","
"
"1","[154]"
"1"," ""Bruce Broughton""                 "
"1"," ""Big Bad Voodoo Daddy""            "
"1"," ""The Stooges""                     "
"1","
"
"1","[157]"
"1"," ""Alabama""                         "
"1"," ""Anjelah Johnson""                 "
"1"," ""Rancid""                          "
"1","
"
"1","[160]"
"1"," ""majiko""                          "
"1"," ""George Carlin""                   "
"1"," ""J Alvarez""                       "
"1","
"
"1","[163]"
"1"," ""Steve Hofstetter""                "
"1"," ""Russ""                            "
"1"," ""Ola Gjeilo""                      "
"1","
"
"1","[166]"
"1"," ""THE ORAL CIGARETTES""             "
"1"," ""Katt Williams""                   "
"1"," ""White Noise & D-Anel""            "
"1","
"
"1","[169]"
"1"," ""Aphex Twin""                      "
"1"," ""John Williams""                   "
"1"," ""Blueface""                        "
"1","
"
"1","[172]"
"1"," ""Ludwig van Beethoven""            "
"1"," ""La Secta AllStar""                "
"1"," ""Dorothée""                        "
"1","
"
"1","[175]"
"1"," ""UNKLE""                           "
"1"," ""Seven Lions""                     "
"1"," ""Phish""                           "
"1","
"
"1","[178]"
"1"," ""Wiz Khalifa""                     "
"1"," ""Santosh Nahar""                   "
"1"," ""Reik""                            "
"1","
"
"1","[181]"
"1"," ""Avenged Sevenfold""               "
"1"," ""The Slackers""                    "
"1"," ""Lana Del Rey""                    "
"1","
"
"1","[184]"
"1"," ""Allan Rayman""                    "
"1"," ""Franz Schubert""                  "
"1"," ""Boaz van de Beatz""               "
"1","
"
"1","[187]"
"1"," ""Switchfoot""                      "
"1"," ""Delroy Wilson""                   "
"1"," ""Midland""                         "
"1","
"
"1","[190]"
"1"," ""UB40""                            "
"1"," ""Alexandre Desplat""               "
"1"," ""Star Cast""                       "
"1","
"
